{"k": 14, "resultados": {"mejores_features": ["gincdif", "polintr", "dscrgnd", "dscrrlg", "inprdsc", "ccnthum", "impfuna", "ppltrst_fc", "stfeco_fc", "stfgov_fc", "trstplc_fc", "trstplt_fc", "atchctr_fc", "rlgdgr_fc"], "best_params": {"penalty": "l2", "C": 0.03359818286283781}, "accuracy": 0.2634920634920635, "precision": 0.2770748299319728, "recall": 0.2634920634920635, "f1": 0.2594385964912281, "auc": 0.6272612748803226}, "target_variable": "ideo_fc", "best_params": {"penalty": "l2", "C": 0.03359818286283781}}